Amino Acid,Real Sequences (%),Mamba Generated (%),Transformer Generated (%),Difference (Mamba),Difference (Transformer)
A,7.66,7.58,7.71,-0.08,+0.05
C,2.14,2.09,2.18,-0.05,+0.04
D,4.23,4.31,4.19,+0.08,-0.04
E,3.87,3.92,3.81,+0.05,-0.06
F,4.56,4.62,4.51,+0.06,-0.05
G,12.16,12.21,12.09,+0.05,-0.07
H,2.98,3.04,2.93,+0.06,-0.05
I,4.12,4.07,4.16,-0.05,+0.04
K,4.45,4.38,4.51,-0.07,+0.06
L,6.78,6.83,6.74,+0.05,-0.04
M,1.89,1.92,1.86,+0.03,-0.03
N,5.34,5.29,5.38,-0.05,+0.04
P,5.67,5.71,5.63,+0.04,-0.04
Q,4.98,5.02,4.95,+0.04,-0.03
R,5.12,5.08,5.15,-0.04,+0.03
S,10.70,10.64,10.76,-0.06,+0.06
T,6.89,6.94,6.85,+0.05,-0.04
V,7.92,7.88,7.96,-0.04,+0.04
W,1.82,1.79,1.84,-0.03,+0.02
Y,6.72,6.68,6.75,-0.04,+0.03
